"RI","Na","Mg","Al","Si","K","Ca","Ba","Fe"
1.517116,14.442069,0.538276,2.122759,72.965862,0.325172,8.491379,1.04,0.013448
0.002545,0.686359,1.117683,0.442726,0.940234,0.668493,0.973505,0.665341,0.029794
0.976523,-1.447303,1.632075,-0.292837,-1.211532,2.139509,-1.935539,0.450583,1.780597
