"","RI","Na","Mg","Al","Si","K","Ca","Ba","Fe"
"Mean",1.518365,13.40785,2.684533,1.444907,72.650935,0.497056,8.956963,0.175047,0.057009
"SD",0.003037,0.816604,1.442408,0.49927,0.774546,0.652192,1.423153,0.497219,0.097439
"Skewness",1.602715,0.447834,-1.136452,0.89461,-0.720239,6.460089,2.018446,3.36868,1.729811
