"RI","Na","Mg","Al","Si","K","Ca","Ba","Fe"
1.518718,13.242286,3.552429,1.163857,72.619143,0.447429,8.797286,0.012714,0.057
0.002268,0.499301,0.247043,0.273158,0.569484,0.214879,0.574807,0.083838,0.089075
0.743729,0.753823,-0.676726,-1.080037,-0.554269,-0.899773,0.686378,7.561993,1.304118
