"RI","Na","Mg","Al","Si","K","Ca","Ba","Fe"
1.517456,14.646667,1.305556,1.366667,73.206667,0,9.356667,0,0
0.003116,1.08402,1.097134,0.571861,1.079467,0,1.449948,0,0
-1.131017,1.678681,-0.219484,-0.670275,0.997487,NA,-0.54859,NA,NA
