"RI","Na","Mg","Al","Si","K","Ca","Ba","Fe"
1.517964,13.437059,3.543529,1.201176,72.404706,0.406471,8.782941,0.008824,0.057059
0.001916,0.506887,0.162786,0.347489,0.512276,0.22989,0.380111,0.03638,0.107864
0.970795,-0.461944,0.602157,-0.332546,-0.691398,-0.637722,0.785363,3.424032,1.691939
