"RI","Na","Mg","Al","Si","K","Ca","Ba","Fe"
1.518928,12.827692,0.773846,2.033846,72.366154,1.47,10.123846,0.187692,0.060769
0.003345,0.777037,0.999146,0.69392,1.282319,2.138695,2.183791,0.608251,0.155588
-0.569246,-0.934881,0.586067,0.998267,-0.643922,1.591961,-0.789833,2.760611,2.016327
