"RI","Na","Mg","Al","Si","K","Ca","Ba","Fe"
1.518619,13.111711,3.002105,1.408158,72.598026,0.521053,9.073684,0.050263,0.079737
0.003802,0.664159,1.215661,0.31834,0.724573,0.213726,1.921635,0.36234,0.106433
2.057633,-1.049549,-1.77359,-0.371525,-1.375901,-0.969991,2.081649,8.238537,0.948973
